{"stats":{"minecraft:picked_up":{"atmospheric:aloe_kernels":3,"minecraft:torch":2,"minecraft:jungle_fence":2,"minecraft:jungle_planks":4,"minecraft:chainmail_chestplate":1,"minecraft:oak_log":4,"minecraft:gunpowder":4,"atmospheric:aloe_leaves":2,"minecraft:rotten_flesh":2,"minecraft:apple":1,"mysticalagriculture:inferium_essence":1,"minecraft:hay_block":41,"minecraft:iron_ingot":5,"atmospheric:yucca_flower":4,"minecraft:oak_sapling":2,"minecraft:rail":1},"minecraft:crafted":{"minecraft:oak_planks":16,"minecraft:crafting_table":1,"quark:oak_chest":1,"minecraft:bread":123,"minecraft:wheat":369},"minecraft:used":{"neapolitan:strawberries":3,"chalk:orange_chalk":27,"minecraft:apple":5,"minecraft:bread":10,"minecraft:oak_planks":4,"minecraft:torch":18,"minecraft:rail":1,"minecraft:crafting_table":1,"minecraft:oak_sapling":1,"alexsmobs:animal_dictionary":1,"quark:oak_chest":1,"atmospheric:aloe_leaves":3},"minecraft:mined":{"minecraft:hay_block":42,"atmospheric:yucca_flower":2,"minecraft:jungle_leaves":4,"minecraft:torch":1,"atmospheric:aloe_vera":1,"minecraft:oak_log":4,"minecraft:jungle_planks":3,"minecraft:vine":1,"pamhc2trees:pamapple":1,"minecraft:oak_leaves":8,"minecraft:wall_torch":1,"atmospheric:tall_yucca_flower":1},"minecraft:killed_by":{"minecraft:zombie":1},"minecraft:dropped":{"minecraft:iron_ingot":2,"minecraft:bread":64,"minecraft:gunpowder":4,"alexsmobs:animal_dictionary":1,"mysticalagriculture:inferium_essence":1,"minecraft:oak_sapling":1,"minecraft:rotten_flesh":2,"atmospheric:aloe_kernels":3,"minecraft:golden_apple":2,"minecraft:chainmail_chestplate":1},"minecraft:killed":{"minecraft:zombie":1},"minecraft:custom":{"minecraft:time_since_rest":22014,"minecraft:waystone_activated":1,"minecraft:interact_with_furnace":3,"minecraft:sprint_one_cm":107956,"minecraft:damage_taken":1100,"minecraft:walk_one_cm":130025,"minecraft:mob_kills":1,"minecraft:drop":17,"minecraft:damage_dealt":251,"minecraft:swim_one_cm":333,"minecraft:interact_with_crafting_table":4,"minecraft:fly_one_cm":134321,"minecraft:open_barrel":4,"minecraft:open_chest":4,"minecraft:crouch_one_cm":1656,"minecraft:play_one_minute":58147,"minecraft:walk_under_water_one_cm":60,"minecraft:deaths":1,"minecraft:sneak_time":1312,"minecraft:jump":800,"minecraft:leave_game":1,"minecraft:time_since_death":22013,"minecraft:walk_on_water_one_cm":3091,"minecraft:climb_one_cm":7661,"minecraft:fall_one_cm":28665}},"DataVersion":2586}