{"stats":{"minecraft:crafted":{"minecraft:oak_planks":48,"minecraft:furnace":1,"minecraft:iron_boots":1,"minecraft:iron_axe":1,"minecraft:stone_pickaxe":2,"minecraft:wheat":63,"minecraft:crafting_table":2,"farmersdelight:iron_knife":1,"minecraft:wooden_pickaxe":2,"minecraft:iron_sword":1,"minecraft:bread":21,"minecraft:jungle_planks":108,"minecraft:iron_chestplate":1,"minecraft:shield":1,"minecraft:stick":36,"minecraft:iron_ingot":9,"minecraft:iron_pickaxe":3,"minecraft:wooden_axe":1,"minecraft:iron_leggings":1,"minecraft:acacia_planks":4,"minecraft:torch":12},"minecraft:mined":{"mysticalagriculture:prosperity_ore":8,"minecraft:diamond_ore":2,"minecraft:jungle_leaves":20,"minecraft:brewing_stand":3,"minecraft:grass_block":14,"abundance:yellow_african_daisy":1,"minecraft:jungle_planks":40,"minecraft:jungle_log":29,"mysticalagriculture:inferium_ore":2,"environmental:giant_tall_grass":6,"minecraft:hay_block":7,"minecraft:redstone_ore":3,"minecraft:iron_ore":34,"quark:smooth_basalt":3,"minecraft:vine":16,"pamhc2trees:pamapple":7,"pamhc2trees:pamcashew":1,"minecraft:stone":134,"atmospheric:tall_yucca_flower":1,"minecraft:smithing_table":2,"atmospheric:arid_sandstone":1,"pamhc2trees:pampomegranate":5,"minecraft:crafting_table":4,"environmental:bird_of_paradise":1,"minecraft:blast_furnace":1,"minecraft:melon":3,"quark:stone_speleothem":2,"minecraft:chest":1,"minecraft:tall_grass":2,"minecraft:cobblestone":4,"minecraft:grindstone":1,"minecraft:lapis_ore":12,"minecraft:oak_planks":1,"minecraft:diorite":3,"minecraft:coarse_dirt":1,"quark:deepslate":20,"pamhc2crops:soggygarden":1,"minecraft:grass":8,"pamhc2trees:pamavocado":3,"minecraft:oak_log":12,"minecraft:coal_ore":34,"pamhc2crops:frostgarden":1,"minecraft:gravel":1,"minecraft:dirt":12,"minecraft:gold_ore":26,"minecraft:oak_leaves":47,"minecraft:fern":1,"quark:root":1},"minecraft:custom":{"minecraft:interact_with_smithing_table":3,"minecraft:mob_kills":9,"minecraft:interact_with_crafting_table":24,"minecraft:leave_game":4,"minecraft:time_since_death":15933,"minecraft:climb_one_cm":24010,"minecraft:sprint_one_cm":297987,"minecraft:walk_one_cm":735056,"minecraft:damage_blocked_by_shield":710,"minecraft:drop":81,"minecraft:talked_to_villager":1,"minecraft:sneak_time":4746,"minecraft:deaths":12,"minecraft:walk_under_water_one_cm":34167,"minecraft:jump":2662,"minecraft:interact_with_brewingstand":1,"minecraft:interact_with_blast_furnace":7,"minecraft:walk_on_water_one_cm":50382,"minecraft:interact_with_furnace":10,"minecraft:play_one_minute":245101,"minecraft:sleep_in_bed":3,"minecraft:time_since_rest":15985,"minecraft:waystone_activated":10,"minecraft:damage_taken":4628,"minecraft:damage_dealt":2705,"minecraft:minecart_one_cm":256,"minecraft:swim_one_cm":7265,"minecraft:fly_one_cm":313885,"minecraft:open_chest":23,"minecraft:crouch_one_cm":19150,"minecraft:interact_with_smoker":2,"minecraft:fall_one_cm":68829},"minecraft:dropped":{"minecraft:bread":3,"farmersdelight:iron_knife":1,"minecraft:iron_sword":1,"environmental:thief_hood":1,"minecraft:lapis_lazuli":16,"minecraft:crafting_table":2,"minecraft:cobblestone":27,"artifacts:whoopee_cushion":1,"minecraft:apple":3,"minecraft:jungle_planks":27,"minecraft:stick":11,"minecraft:torch":9,"minecraft:melon_slice":2,"quark:cobbled_deepslate":8,"farmersdelight:onion":4,"minecraft:bone_block":14,"mysticalagriculture:prosperity_shard":17,"minecraft:iron_pickaxe":2,"minecraft:string":3,"artifacts:digging_claws":2,"minecraft:bone":6,"minecraft:redstone":5,"agricraft:agri_seed":2,"pamhc2crops:spinachitem":3,"alexsmobs:maggot":2,"quark:root_item":1,"artifacts:kitty_slippers":1,"minecraft:coarse_dirt":2,"neapolitan:strawberry_scones":3,"minecraft:rotten_flesh":7,"minecraft:oak_planks":6,"minecraft:music_disc_far":1,"pamhc2trees:avocadoitem":3,"minecraft:filled_map":6,"atmospheric:yucca_flower":2,"quark:smooth_basalt":4,"minecraft:potato":2,"minecraft:gunpowder":4,"artifacts:running_shoes":2,"mysticalagriculture:inferium_essence":1,"minecraft:oak_sapling":1,"farmersdelight:rope":12,"minecraft:spider_eye":2,"minecraft:wooden_pickaxe":1,"atmospheric:arid_sand":6,"waystones:waystone":1,"chalk:black_chalk":1},"minecraft:killed_by":{"minecraft:skeleton":1,"artifacts:mimic":3,"minecraft:zombie":3,"alexsmobs:rattlesnake":1},"minecraft:used":{"pamhc2trees:pomegranateitem":7,"quark:cobbled_deepslate":2,"minecraft:diamond_hoe":20,"chalk:black_chalk":32,"minecraft:shield":63,"minecraft:iron_sword":85,"minecraft:torch":4,"minecraft:brewing_stand":3,"minecraft:dirt":8,"minecraft:jungle_planks":84,"minecraft:carrot":2,"atmospheric:arid_sandstone":6,"pamhc2trees:avocadoitem":8,"minecraft:wooden_axe":45,"neapolitan:strawberry_scones":3,"pamhc2crops:mulberryitem":3,"minecraft:iron_axe":78,"minecraft:furnace":1,"minecraft:potato":1,"minecraft:acacia_planks":4,"farmersdelight:iron_knife":8,"minecraft:stone_pickaxe":159,"minecraft:oak_planks":5,"minecraft:wooden_pickaxe":44,"minecraft:crafting_table":5,"minecraft:blast_furnace":1,"pamhc2trees:cashewitem":1,"waystones:waystone":1,"minecraft:apple":10,"minecraft:bread":5,"minecraft:map":1,"minecraft:melon_slice":7,"minecraft:iron_pickaxe":234,"minecraft:cobblestone":81,"minecraft:grindstone":1,"minecraft:smithing_table":2,"abundance:yellow_african_daisy":1,"alexsmobs:animal_dictionary":2},"minecraft:broken":{"minecraft:wooden_pickaxe":1,"minecraft:stone_pickaxe":1,"minecraft:wooden_axe":1},"minecraft:picked_up":{"minecraft:coarse_dirt":2,"minecraft:crafting_table":6,"minecraft:iron_chestplate":1,"minecraft:smithing_table":2,"minecraft:wooden_pickaxe":2,"minecraft:enchanted_book":1,"minecraft:brewing_stand":4,"pamhc2trees:avocadoitem":11,"minecraft:shield":2,"environmental:thief_hood":4,"minecraft:string":6,"minecraft:iron_axe":1,"minecraft:iron_leggings":1,"mysticalagriculture:inferium_essence":31,"atmospheric:yucca_flower":2,"agricraft:agri_seed":2,"quark:root_item":1,"iron_and_gold:raw_gold":34,"atmospheric:arid_sand":6,"minecraft:iron_pickaxe":3,"minecraft:melon_slice":13,"minecraft:chest":2,"minecraft:diamond_hoe":2,"minecraft:iron_boots":1,"minecraft:stick":10,"minecraft:acacia_log":1,"minecraft:torch":13,"mysticalagriculture:prosperity_shard":31,"pamhc2crops:spinachitem":3,"minecraft:diorite":3,"minecraft:carrot":3,"minecraft:redstone":10,"environmental:bird_of_paradise":1,"atmospheric:yellow_blossoms":3,"quark:ancient_tome":1,"minecraft:rotten_flesh":7,"quark:smooth_basalt":4,"minecraft:hay_block":7,"artifacts:running_shoes":3,"farmersdelight:rope":12,"minecraft:cobblestone":150,"paraglider:paraglider":1,"minecraft:feather":1,"artifacts:digging_claws":5,"minecraft:jungle_log":27,"minecraft:potato":2,"minecraft:filled_map":5,"minecraft:oak_log":13,"minecraft:gunpowder":4,"minecraft:lapis_lazuli":143,"minecraft:dirt":22,"farmersdelight:iron_knife":1,"minecraft:bone":9,"pamhc2trees:pomegranateitem":7,"minecraft:apple":23,"pamhc2crops:mulberryitem":1,"minecraft:grindstone":1,"artifacts:whoopee_cushion":2,"minecraft:iron_ingot":51,"minecraft:music_disc_far":3,"artifacts:kitty_slippers":1,"neapolitan:strawberry_scones":2,"minecraft:iron_sword":2,"minecraft:oak_planks":25,"abundance:yellow_african_daisy":1,"minecraft:gravel":1,"atmospheric:arid_sandstone":14,"minecraft:jungle_planks":60,"minecraft:ink_sac":3,"minecraft:blast_furnace":2,"pamhc2trees:cashewitem":1,"minecraft:spider_eye":2,"quark:cobbled_deepslate":21,"minecraft:diamond":6,"waystones:waystone":2,"minecraft:iron_helmet":1,"iron_and_gold:raw_iron":37,"alexsmobs:maggot":2,"minecraft:oak_sapling":1,"minecraft:coal":34},"minecraft:killed":{"minecraft:spider":1,"artifacts:mimic":2,"minecraft:creeper":1,"minecraft:zombie":3,"alexsmobs:fly":2}},"DataVersion":2586}