{"stats":{"minecraft:mined":{"minecraft:brown_mushroom":9,"atmospheric:tall_aloe_vera":1,"quark:cobbled_deepslate":1,"minecraft:crafting_table":1,"environmental:bird_of_paradise":1,"minecraft:grass_block":5,"minecraft:melon":4,"minecraft:jungle_log":6,"minecraft:diorite":1,"minecraft:lime_bed":1,"neapolitan:banana_bundle":1,"minecraft:iron_ore":13,"quark:deepslate":6,"minecraft:grass":1,"minecraft:coal_ore":25,"minecraft:dirt":10,"atmospheric:yucca_bundle":1,"minecraft:stone":36,"minecraft:gold_ore":2,"atmospheric:arid_sand":1},"minecraft:killed_by":{"minecraft:husk":1,"minecraft:skeleton":2,"minecraft:zombie":2},"minecraft:custom":{"minecraft:interact_with_furnace":5,"minecraft:mob_kills":12,"minecraft:interact_with_crafting_table":11,"minecraft:play_one_minute":92648,"minecraft:leave_game":3,"minecraft:time_since_death":11544,"minecraft:climb_one_cm":5861,"minecraft:time_since_rest":11574,"minecraft:waystone_activated":6,"minecraft:sprint_one_cm":154858,"minecraft:damage_taken":1450,"minecraft:walk_one_cm":232436,"minecraft:drop":4,"minecraft:damage_dealt":2823,"minecraft:swim_one_cm":5251,"minecraft:fly_one_cm":140955,"minecraft:open_chest":6,"minecraft:crouch_one_cm":10690,"minecraft:deaths":5,"minecraft:sneak_time":3827,"minecraft:walk_under_water_one_cm":7891,"minecraft:jump":994,"minecraft:walk_on_water_one_cm":16759,"minecraft:fall_one_cm":24385},"minecraft:picked_up":{"minecraft:lime_bed":1,"minecraft:crafting_table":1,"minecraft:jungle_log":6,"minecraft:brown_mushroom":9,"minecraft:wooden_pickaxe":1,"waystones:sandy_waystone":1,"minecraft:gunpowder":1,"minecraft:string":4,"minecraft:dirt":15,"neapolitan:banana_bunch":3,"minecraft:bone":1,"mysticalagriculture:inferium_essence":5,"minecraft:detector_rail":2,"pamhc2trees:passionfruititem":1,"iron_and_gold:raw_gold":2,"atmospheric:arid_sand":1,"minecraft:iron_pickaxe":1,"minecraft:minecart":1,"minecraft:powered_rail":4,"minecraft:melon_slice":22,"minecraft:chest":1,"minecraft:oak_planks":6,"farmersdelight:cabbage_seeds":10,"minecraft:sand":4,"minecraft:jungle_planks":16,"farmersdelight:tomato_seeds":4,"atmospheric:yucca_fruit":3,"minecraft:diorite":1,"minecraft:spider_eye":1,"environmental:bird_of_paradise":1,"quark:cobbled_deepslate":7,"minecraft:arrow":2,"minecraft:rotten_flesh":4,"waystones:waystone":1,"iron_and_gold:raw_iron":13,"alexsmobs:emu_egg":1,"farmersdelight:rope":4,"minecraft:oak_sapling":1,"minecraft:melon_seeds":6,"minecraft:coal":22,"minecraft:bone_block":28,"minecraft:cobblestone":34},"minecraft:killed":{"minecraft:husk":4,"minecraft:spider":3,"minecraft:skeleton":1,"minecraft:zombie":4},"minecraft:crafted":{"minecraft:crafting_table":3,"minecraft:wooden_pickaxe":1,"minecraft:iron_sword":1,"minecraft:stone_axe":2,"minecraft:air":0,"minecraft:jungle_planks":24,"minecraft:iron_chestplate":1,"minecraft:shield":1,"minecraft:stick":16,"minecraft:iron_ingot":13,"minecraft:stone_pickaxe":2,"minecraft:wooden_axe":1},"minecraft:used":{"minecraft:diorite":1,"waystones:sandy_waystone":1,"quark:cobbled_deepslate":7,"minecraft:stone_pickaxe":2,"minecraft:oak_planks":2,"minecraft:bone_block":14,"minecraft:wooden_pickaxe":12,"minecraft:iron_sword":37,"minecraft:dirt":3,"minecraft:crafting_table":3,"neapolitan:banana":2,"waystones:waystone":1,"neapolitan:banana_bunch":3,"minecraft:bread":1,"minecraft:melon_slice":7,"minecraft:iron_pickaxe":73,"atmospheric:arid_sand":1,"minecraft:stone_axe":17,"minecraft:cobblestone":19,"atmospheric:yucca_fruit":3,"minecraft:bucket":1,"minecraft:minecart":1,"environmental:bird_of_paradise":1},"minecraft:dropped":{"pamhc2trees:passionfruititem":1,"mysticalagriculture:inferium_essence":1,"minecraft:oak_sapling":1,"minecraft:wooden_pickaxe":1}},"DataVersion":2586}