{"stats":{"minecraft:mined":{"mysticalagriculture:prosperity_ore":1,"minecraft:diamond_ore":35,"minecraft:blackstone_stairs":4,"minecraft:white_bed":1,"minecraft:oak_sapling":1,"minecraft:mossy_cobblestone":1,"minecraft:jungle_leaves":6,"atmospheric:tall_aloe_vera":14,"quark:cobbled_deepslate":3,"minecraft:acacia_log":1,"minecraft:grass_block":39,"moyai:moyai":3,"minecraft:jungle_planks":11,"minecraft:jungle_log":34,"environmental:duckweed":1,"minecraft:sandstone":1,"mysticalagriculture:inferium_ore":1,"minecraft:gilded_blackstone":19,"minecraft:spawner":1,"atmospheric:red_arid_sand":9,"environmental:giant_tall_grass":62,"minecraft:polished_blackstone_bricks":4,"minecraft:redstone_ore":2,"neapolitan:banana_bundle":1,"minecraft:furnace":3,"minecraft:iron_ore":563,"minecraft:fire":1,"minecraft:pumpkin":19,"quark:smooth_basalt":7,"minecraft:gold_block":12,"minecraft:vine":5,"atmospheric:arid_sprouts":2,"mirabilis:oak_leave_carpet":6,"minecraft:smooth_sandstone_stairs":2,"minecraft:stone":258,"atmospheric:arid_sand":45,"quark:glowcelium":1,"minecraft:acacia_leaves":15,"atmospheric:arid_sandstone":108,"minecraft:blackstone":13,"pamhc2trees:pampomegranate":2,"pamhc2crops:windygarden":4,"minecraft:dandelion":1,"minecraft:crafting_table":9,"minecraft:torch":1,"atmospheric:aloe_vera":2,"quark:stone_speleothem":2,"minecraft:tall_grass":13,"minecraft:cobblestone":2,"minecraft:lapis_ore":1,"minecraft:lily_pad":1,"minecraft:diorite":5,"upgrade_aquatic:blue_pickerelweed":1,"minecraft:coarse_dirt":24,"paraglider:horned_statue":2,"atmospheric:yucca_flower":5,"minecraft:grass_path":2,"upgrade_aquatic:tall_purple_pickerelweed":5,"minecraft:tnt":1,"minecraft:yellow_bed":3,"quark:deepslate":22,"upgrade_aquatic:tall_blue_pickerelweed":1,"minecraft:grass":33,"minecraft:coal_ore":80,"quark:monster_box":6,"minecraft:beetroots":3,"minecraft:cocoa":1,"minecraft:sand":17,"minecraft:dirt":42,"atmospheric:yucca_bundle":1,"minecraft:cobweb":1,"minecraft:polished_blackstone":4,"minecraft:oak_leaves":13,"minecraft:fern":1,"paraglider:goddess_statue":1,"quark:root":5},"minecraft:killed_by":{"artifacts:mimic":1},"minecraft:custom":{"minecraft:mob_kills":138,"minecraft:interact_with_crafting_table":43,"minecraft:open_barrel":4,"minecraft:leave_game":2,"minecraft:time_since_death":203231,"minecraft:climb_one_cm":59135,"minecraft:sprint_one_cm":671868,"minecraft:walk_one_cm":940561,"minecraft:damage_blocked_by_shield":2345,"minecraft:drop":353,"minecraft:sneak_time":9816,"minecraft:deaths":5,"minecraft:walk_under_water_one_cm":42947,"minecraft:jump":7158,"minecraft:interact_with_blast_furnace":2,"minecraft:walk_on_water_one_cm":93798,"minecraft:interact_with_furnace":86,"minecraft:interact_with_cartography_table":2,"minecraft:play_one_minute":384917,"minecraft:sleep_in_bed":10,"minecraft:time_since_rest":99885,"minecraft:waystone_activated":9,"minecraft:damage_taken":8213,"minecraft:damage_absorbed":40,"minecraft:trigger_trapped_chest":2,"minecraft:damage_dealt":25941,"minecraft:swim_one_cm":81278,"minecraft:fly_one_cm":1657916,"minecraft:open_chest":63,"minecraft:crouch_one_cm":25733,"minecraft:interact_with_smoker":1,"minecraft:fall_one_cm":195083},"minecraft:picked_up":{"minecraft:crafting_table":9,"minecraft:cocoa_beans":3,"minecraft:coarse_dirt":19,"artifacts:night_vision_goggles":2,"quark:music_disc_drips":1,"minecraft:gold_block":12,"minecraft:enchanted_book":1,"minecraft:gilded_blackstone":19,"pamhc2trees:avocadoitem":2,"minecraft:shield":1,"atmospheric:aloe_leaves":25,"paraglider:goddess_statue":1,"minecraft:string":9,"minecraft:iron_axe":1,"minecraft:iron_shovel":1,"minecraft:zombie_head":1,"moyai:moyai":3,"neapolitan:banana_bunch":4,"minecraft:blackstone":16,"minecraft:beetroot":3,"mysticalagriculture:inferium_essence":17,"minecraft:spruce_planks":20,"minecraft:beef":4,"atmospheric:yucca_flower":5,"agricraft:agri_seed":14,"quark:root_item":7,"atmospheric:arid_sand":41,"minecraft:iron_pickaxe":2,"minecraft:melon_slice":1,"minecraft:furnace":3,"minecraft:stick":9,"minecraft:torch":2,"minecraft:acacia_log":1,"minecraft:redstone":8,"atmospheric:red_arid_sand":4,"atmospheric:yellow_blossoms":53,"quark:ancient_tome":1,"minecraft:tnt":1,"artifacts:everlasting_beef":2,"minecraft:arrow":19,"minecraft:rotten_flesh":35,"minecraft:beetroot_seeds":8,"artifacts:villager_hat":3,"quark:smooth_basalt":5,"farmersdelight:onion":4,"pamhc2crops:brusselsproutitem":1,"pamhc2crops:bellpepperitem":3,"artifacts:running_shoes":1,"alexsmobs:emu_egg":2,"pamhc2crops:artichokeitem":1,"minecraft:polished_blackstone":4,"paraglider:horned_statue":2,"minecraft:bone_block":15,"minecraft:cobblestone":207,"minecraft:nautilus_shell":1,"upgrade_aquatic:purple_pickerelweed":8,"artifacts:eternal_steak":3,"artifacts:digging_claws":3,"minecraft:jungle_log":33,"atmospheric:aloe_kernels":110,"pamhc2crops:barleyitem":1,"minecraft:jungle_fence":2,"minecraft:filled_map":1,"paraglider:spirit_orb":2,"minecraft:flint":1,"minecraft:smooth_sandstone_stairs":2,"minecraft:chainmail_chestplate":1,"minecraft:yellow_bed":3,"minecraft:gunpowder":5,"pamhc2trees:walnutitem":4,"minecraft:lapis_lazuli":8,"upgrade_aquatic:blue_pickerelweed":3,"minecraft:dirt":78,"quark:forgotten_hat":1,"minecraft:bone":17,"pamhc2trees:pomegranateitem":1,"minecraft:bow":1,"minecraft:wheat_seeds":30,"minecraft:cobweb":4,"minecraft:iron_ingot":2,"artifacts:whoopee_cushion":2,"artifacts:kitty_slippers":3,"neapolitan:strawberry_scones":5,"chalk:black_chalk":1,"pamhc2trees:pecanitem":3,"minecraft:acacia_sapling":6,"minecraft:pumpkin":19,"minecraft:dandelion":1,"atmospheric:arid_sandstone":95,"minecraft:sand":9,"minecraft:jungle_planks":103,"minecraft:white_bed":1,"minecraft:mossy_cobblestone":1,"minecraft:spider_eye":3,"neapolitan:strawberries":7,"minecraft:iron_hoe":1,"quark:cobbled_deepslate":36,"minecraft:stripped_jungle_log":3,"pamhc2crops:strawberryitem":1,"minecraft:diamond":34,"waystones:waystone":3,"alexsmobs:rattlesnake_rattle":1,"iron_and_gold:raw_iron":620,"minecraft:golden_apple":2,"minecraft:emerald":5,"minecraft:bread":66,"minecraft:oak_sapling":1,"minecraft:coal":143},"minecraft:killed":{"minecraft:cave_spider":3,"minecraft:spider":11,"alexsmobs:rattlesnake":8,"quark:forgotten":1,"minecraft:skeleton":21,"alexsmobs:centipede_head":2,"minecraft:drowned":3,"artifacts:mimic":2,"minecraft:husk":9,"minecraft:creeper":11,"minecraft:zombie":52,"alexsmobs:fly":7,"minecraft:cow":3},"minecraft:crafted":{"quark:jungle_chest":4,"minecraft:furnace":5,"minecraft:iron_boots":2,"minecraft:iron_axe":4,"minecraft:stone_pickaxe":1,"quark:spruce_chest":2,"minecraft:cooked_beef":4,"minecraft:crafting_table":1,"minecraft:iron_helmet":2,"minecraft:wooden_pickaxe":1,"minecraft:stone_axe":1,"minecraft:air":0,"minecraft:jungle_planks":144,"minecraft:iron_chestplate":1,"minecraft:shield":2,"minecraft:purple_dye":8,"minecraft:stick":16,"minecraft:iron_ingot":313,"minecraft:iron_pickaxe":4,"minecraft:wooden_axe":1,"minecraft:iron_leggings":2},"minecraft:broken":{"minecraft:iron_pickaxe":1},"minecraft:used":{"alexsmobs:emu_egg":2,"minecraft:beetroot":3,"atmospheric:red_arid_sand":3,"upgrade_aquatic:blue_pickerelweed":3,"minecraft:acacia_log":1,"quark:cobbled_deepslate":36,"quark:jungle_chest":4,"minecraft:spruce_planks":4,"chalk:black_chalk":64,"minecraft:shield":94,"atmospheric:aloe_kernels":2,"pamhc2crops:artichokeitem":4,"minecraft:smooth_sandstone_stairs":2,"paraglider:goddess_statue":1,"minecraft:dirt":68,"minecraft:jungle_planks":127,"atmospheric:aloe_leaves":25,"moyai:moyai":3,"minecraft:acacia_sapling":3,"atmospheric:arid_sandstone":67,"pamhc2trees:avocadoitem":2,"minecraft:iron_hoe":3,"paraglider:horned_statue":2,"minecraft:wooden_axe":16,"neapolitan:strawberry_scones":3,"quark:spruce_chest":2,"minecraft:iron_axe":524,"carryon:entity_item":4,"atmospheric:arid_sand":34,"quark:smooth_basalt":1,"artifacts:everlasting_beef":127,"minecraft:furnace":8,"minecraft:cooked_beef":4,"minecraft:potato":9,"pamhc2trees:pecanitem":3,"minecraft:stone_pickaxe":94,"minecraft:wooden_pickaxe":18,"artifacts:eternal_steak":8,"atmospheric:yucca_flower":1,"minecraft:golden_apple":1,"minecraft:mossy_cobblestone":1,"farmersdelight:onion":4,"minecraft:sand":4,"minecraft:crafting_table":9,"pamhc2crops:strawberryitem":1,"neapolitan:banana":10,"waystones:waystone":7,"chalk:gray_chalk":64,"neapolitan:banana_bunch":4,"minecraft:string":3,"minecraft:iron_pickaxe":939,"minecraft:bread":54,"minecraft:stone_axe":17,"minecraft:cobblestone":113,"minecraft:yellow_bed":1,"minecraft:air":2,"minecraft:coarse_dirt":17,"neapolitan:strawberries":14},"minecraft:dropped":{"minecraft:iron_ingot":63,"minecraft:bread":12,"minecraft:wheat_seeds":2,"pamhc2trees:walnutitem":4,"minecraft:diamond":18,"minecraft:polished_blackstone":4,"minecraft:jungle_fence":4,"minecraft:iron_helmet":1,"minecraft:cobblestone":20,"alexsmobs:rattlesnake_rattle":1,"pamhc2crops:bellpepperitem":3,"atmospheric:yellow_blossoms":53,"pamhc2crops:barleyitem":1,"minecraft:coal":1,"minecraft:flint":1,"minecraft:stick":1,"artifacts:night_vision_goggles":2,"minecraft:dirt":10,"minecraft:torch":2,"minecraft:wooden_axe":1,"minecraft:melon_slice":1,"atmospheric:arid_sandstone":6,"minecraft:zombie_head":1,"minecraft:iron_leggings":1,"minecraft:sand":5,"minecraft:iron_axe":3,"minecraft:iron_pickaxe":3,"paraglider:paraglider":1,"minecraft:string":2,"atmospheric:red_arid_sand":1,"minecraft:dandelion":1,"minecraft:redstone":8,"agricraft:agri_seed":13,"minecraft:stone_axe":1,"minecraft:blackstone":16,"quark:root_item":7,"alexsmobs:animal_dictionary":1,"neapolitan:strawberry_scones":5,"minecraft:cocoa_beans":3,"minecraft:rotten_flesh":35,"minecraft:iron_boots":1,"iron_and_gold:raw_iron":382,"minecraft:white_bed":1,"artifacts:everlasting_beef":2,"minecraft:chainmail_chestplate":1,"minecraft:filled_map":1,"atmospheric:yucca_flower":3,"quark:smooth_basalt":4,"atmospheric:aloe_leaves":9,"minecraft:shield":1,"minecraft:gunpowder":1,"artifacts:running_shoes":1,"artifacts:eternal_steak":2,"minecraft:oak_sapling":1,"mysticalagriculture:inferium_essence":16,"minecraft:beetroot_seeds":8,"minecraft:yellow_bed":2,"minecraft:acacia_sapling":1,"minecraft:spider_eye":1,"atmospheric:aloe_kernels":67,"minecraft:wooden_pickaxe":1,"minecraft:bow":1,"atmospheric:arid_sand":7,"minecraft:stone_pickaxe":1,"pamhc2trees:pomegranateitem":1,"pamhc2crops:brusselsproutitem":1}},"DataVersion":2586}