{"stats":{"minecraft:mined":{"mysticalagriculture:prosperity_ore":1,"minecraft:diamond_ore":14,"quark:orange_blossom_leaves":3,"minecraft:jungle_leaves":1,"quark:marble_speleothem":1,"minecraft:ladder":2,"minecraft:acacia_log":75,"minecraft:grass_block":120,"minecraft:jungle_planks":5,"minecraft:polished_andesite_slab":2,"environmental:giant_tall_grass":2,"minecraft:redstone_ore":3,"minecraft:carrots":7,"minecraft:iron_ore":138,"minecraft:acacia_stairs":60,"minecraft:vine":1,"neapolitan:banana_frond":1,"minecraft:oak_stairs":17,"minecraft:lantern":3,"atmospheric:arid_sprouts":1,"minecraft:stone":416,"minecraft:acacia_leaves":34,"atmospheric:arid_sandstone":2,"minecraft:torch":9,"quark:stone_speleothem":4,"minecraft:cobblestone":20,"upgrade_aquatic:blue_pickerelweed":2,"minecraft:wall_torch":6,"minecraft:wheat":8,"atmospheric:yucca_flower":7,"minecraft:spruce_log":5,"minecraft:yellow_bed":2,"quark:deepslate":22,"minecraft:grass":18,"minecraft:oak_log":49,"minecraft:coal_ore":191,"minecraft:dirt":146,"neapolitan:large_banana_frond":1,"minecraft:cracked_stone_bricks":1,"minecraft:acacia_planks":4,"minecraft:polished_andesite":9,"minecraft:stone_bricks":2,"minecraft:mossy_stone_bricks":2,"minecraft:oak_leaves":18},"minecraft:custom":{"minecraft:mob_kills":25,"minecraft:interact_with_crafting_table":25,"minecraft:open_barrel":5,"minecraft:bell_ring":4,"minecraft:leave_game":3,"minecraft:time_since_death":59385,"minecraft:climb_one_cm":56291,"minecraft:sprint_one_cm":334564,"minecraft:walk_one_cm":1493237,"minecraft:damage_blocked_by_shield":135,"minecraft:drop":161,"minecraft:deaths":3,"minecraft:sneak_time":11527,"minecraft:walk_under_water_one_cm":30537,"minecraft:jump":4036,"minecraft:walk_on_water_one_cm":37448,"minecraft:interact_with_furnace":26,"minecraft:play_one_minute":297274,"minecraft:sleep_in_bed":6,"minecraft:time_since_rest":7324,"minecraft:waystone_activated":6,"minecraft:damage_taken":5756,"minecraft:damage_absorbed":44,"minecraft:damage_dealt":6198,"minecraft:swim_one_cm":10533,"minecraft:fly_one_cm":320358,"minecraft:crouch_one_cm":32326,"minecraft:open_chest":38,"minecraft:interact_with_smoker":1,"minecraft:fall_one_cm":110874},"minecraft:picked_up":{"minecraft:wheat":7,"minecraft:ladder":7,"minecraft:oak_stairs":17,"alexsmobs:roadrunner_feather":1,"pamhc2trees:avocadoitem":2,"neapolitan:banana_frond":1,"minecraft:cracked_stone_bricks":1,"mysticalagriculture:inferium_essence":4,"atmospheric:yucca_flower":7,"agricraft:agri_seed":5,"quark:root_item":1,"atmospheric:arid_sand":3,"minecraft:iron_pickaxe":1,"minecraft:stick":7,"mysticalagriculture:prosperity_shard":1,"minecraft:torch":15,"minecraft:acacia_log":73,"minecraft:carrot":29,"minecraft:redstone":7,"minecraft:arrow":9,"minecraft:rotten_flesh":12,"quark:smooth_basalt":3,"quark:orange_blossom_sapling":3,"pamhc2trees:gooseberryitem":1,"neapolitan:large_banana_frond":1,"alexsmobs:kangaroo_meat":1,"minecraft:cobblestone":468,"atmospheric:red_arid_sandstone":1,"minecraft:feather":1,"artifacts:digging_claws":1,"minecraft:filled_map":2,"minecraft:oak_log":49,"minecraft:yellow_bed":4,"minecraft:gunpowder":2,"upgrade_aquatic:blue_pickerelweed":2,"minecraft:dirt":271,"minecraft:lantern":4,"minecraft:name_tag":1,"minecraft:bone":6,"minecraft:acacia_planks":4,"minecraft:apple":1,"minecraft:stone_bricks":3,"minecraft:bow":1,"minecraft:wheat_seeds":20,"minecraft:music_disc_far":1,"artifacts:whoopee_cushion":1,"artifacts:kitty_slippers":1,"neapolitan:strawberry_scones":1,"minecraft:mossy_stone_bricks":2,"minecraft:acacia_sapling":6,"minecraft:polished_andesite_slab":2,"minecraft:oak_planks":64,"atmospheric:arid_sandstone":2,"minecraft:jungle_planks":5,"minecraft:white_bed":1,"minecraft:spruce_log":5,"minecraft:acacia_stairs":60,"minecraft:spider_eye":1,"quark:cobbled_deepslate":24,"minecraft:polished_andesite":8,"alexsmobs:kangaroo_hide":1,"minecraft:diamond":16,"minecraft:iron_helmet":1,"alexsmobs:rattlesnake_rattle":1,"iron_and_gold:raw_iron":141,"minecraft:bread":15,"alexsmobs:maggot":1,"minecraft:oak_sapling":3,"minecraft:coal":191},"minecraft:killed":{"minecraft:skeleton":9,"alexsmobs:kangaroo":1,"artifacts:mimic":1,"minecraft:husk":2,"minecraft:zombie_villager":1,"minecraft:zombie":5,"alexsmobs:roadrunner":1},"minecraft:crafted":{"minecraft:oak_planks":192,"minecraft:furnace":2,"minecraft:iron_boots":1,"minecraft:iron_axe":2,"minecraft:stone_pickaxe":2,"minecraft:crafting_table":5,"minecraft:spruce_planks":20,"minecraft:wooden_pickaxe":1,"minecraft:iron_helmet":1,"minecraft:iron_sword":1,"minecraft:bucket":3,"minecraft:acacia_stairs":76,"minecraft:stone_axe":2,"minecraft:bread":3,"minecraft:iron_chestplate":1,"minecraft:shield":1,"minecraft:stick":108,"quark:oak_chest":3,"minecraft:iron_ingot":141,"minecraft:iron_pickaxe":4,"minecraft:oak_stairs":20,"minecraft:iron_shovel":1,"minecraft:iron_leggings":1,"minecraft:acacia_planks":116,"minecraft:torch":304},"minecraft:broken":{"minecraft:iron_shovel":1,"minecraft:wooden_pickaxe":1,"minecraft:stone_pickaxe":1,"minecraft:iron_axe":1,"minecraft:stone_axe":1,"minecraft:iron_pickaxe":2},"minecraft:used":{"neapolitan:strawberries":4,"minecraft:iron_shovel":251,"quark:cobbled_deepslate":15,"minecraft:ladder":2,"minecraft:shield":4,"minecraft:iron_sword":77,"minecraft:torch":327,"minecraft:dirt":261,"minecraft:jungle_planks":2,"minecraft:carrot":22,"atmospheric:arid_sandstone":2,"pamhc2trees:avocadoitem":1,"neapolitan:strawberry_scones":4,"minecraft:iron_axe":266,"minecraft:oak_stairs":23,"carryon:entity_item":1,"neapolitan:large_banana_frond":1,"minecraft:oak_sapling":1,"minecraft:furnace":2,"minecraft:potato":3,"minecraft:acacia_planks":4,"quark:orange_blossom_sapling":3,"minecraft:water_bucket":2,"minecraft:mossy_stone_bricks":2,"minecraft:stone_pickaxe":130,"minecraft:polished_andesite":8,"minecraft:oak_planks":20,"minecraft:ender_pearl":4,"minecraft:wooden_pickaxe":54,"atmospheric:yucca_flower":7,"minecraft:cracked_stone_bricks":1,"minecraft:golden_apple":5,"farmersdelight:onion":7,"minecraft:crafting_table":5,"pamhc2trees:gooseberryitem":1,"minecraft:oak_log":1,"minecraft:acacia_stairs":92,"minecraft:apple":8,"minecraft:iron_pickaxe":675,"minecraft:bread":63,"quark:root_item":1,"minecraft:stone_axe":30,"neapolitan:banana_frond":1,"minecraft:polished_andesite_slab":2,"minecraft:cobblestone":502,"minecraft:bucket":2,"minecraft:yellow_bed":4,"quark:oak_chest":3,"minecraft:experience_bottle":1},"minecraft:dropped":{"minecraft:enchanted_book":1,"minecraft:iron_ingot":80,"minecraft:bread":24,"alexsmobs:kangaroo_meat":1,"minecraft:feather":1,"artifacts:whoopee_cushion":1,"alexsmobs:rattlesnake_rattle":1,"minecraft:emerald":5,"minecraft:dirt":3,"alexsmobs:roadrunner_feather":1,"neapolitan:strawberries":7,"quark:cobbled_deepslate":9,"farmersdelight:onion":4,"minecraft:iron_pickaxe":1,"paraglider:paraglider":1,"artifacts:digging_claws":1,"minecraft:bone":1,"minecraft:redstone":7,"agricraft:agri_seed":1,"alexsmobs:maggot":1,"artifacts:kitty_slippers":1,"neapolitan:strawberry_scones":4,"minecraft:rotten_flesh":6,"artifacts:villager_hat":1,"minecraft:music_disc_far":1,"pamhc2trees:avocadoitem":1,"minecraft:carrot":3,"alexsmobs:kangaroo_hide":1,"minecraft:filled_map":1,"quark:smooth_basalt":3,"minecraft:gunpowder":2,"minecraft:spruce_planks":20,"mysticalagriculture:inferium_essence":2,"minecraft:spider_eye":1,"minecraft:arrow":2,"minecraft:bow":1,"atmospheric:arid_sand":3}},"DataVersion":2586}