{"stats":{"minecraft:mined":{"mysticalagriculture:prosperity_ore":2,"minecraft:acacia_leaves":8,"pamhc2crops:windygarden":2,"minecraft:jungle_leaves":6,"atmospheric:tall_aloe_vera":16,"minecraft:grass_block":1,"atmospheric:aloe_vera":2,"minecraft:melon":4,"quark:stone_speleothem":2,"minecraft:jungle_log":44,"minecraft:spawner":1,"minecraft:redstone_ore":2,"environmental:giant_tall_grass":7,"minecraft:hay_block":37,"minecraft:coarse_dirt":1,"minecraft:furnace":5,"minecraft:iron_ore":9,"atmospheric:yucca_flower":7,"quark:smooth_basalt":1,"quark:deepslate":37,"minecraft:grass":16,"pamhc2crops:soggygarden":2,"quark:monster_box":1,"minecraft:coal_ore":2,"minecraft:oak_log":16,"minecraft:vine":6,"minecraft:gravel":1,"minecraft:dirt":2,"atmospheric:arid_sprouts":3,"minecraft:stone":10,"minecraft:oak_leaves":4,"minecraft:fern":2,"atmospheric:tall_yucca_flower":1},"minecraft:custom":{"minecraft:interact_with_furnace":57,"minecraft:mob_kills":21,"minecraft:interact_with_crafting_table":1,"minecraft:open_barrel":1,"minecraft:play_one_minute":116911,"minecraft:interact_with_stonecutter":1,"minecraft:leave_game":1,"minecraft:time_since_death":116911,"minecraft:sleep_in_bed":2,"minecraft:climb_one_cm":3874,"minecraft:time_since_rest":98296,"minecraft:waystone_activated":4,"minecraft:sprint_one_cm":378022,"minecraft:damage_taken":1729,"minecraft:walk_one_cm":190798,"minecraft:damage_blocked_by_shield":455,"minecraft:drop":61,"minecraft:damage_dealt":4665,"minecraft:swim_one_cm":2141,"minecraft:fly_one_cm":775124,"minecraft:open_chest":21,"minecraft:crouch_one_cm":37481,"minecraft:sneak_time":9175,"minecraft:walk_under_water_one_cm":1983,"minecraft:jump":3256,"minecraft:interact_with_blast_furnace":1,"minecraft:walk_on_water_one_cm":15811,"minecraft:interact_with_smoker":1,"minecraft:fall_one_cm":121184},"minecraft:picked_up":{"paraglider:paraglider":1,"pamhc2crops:wintersquashitem":1,"minecraft:coarse_dirt":2,"artifacts:night_vision_goggles":2,"artifacts:eternal_steak":1,"artifacts:digging_claws":1,"minecraft:jungle_log":43,"pamhc2crops:candleberryitem":1,"atmospheric:aloe_kernels":67,"pamhc2crops:barleyitem":1,"paraglider:spirit_orb":2,"minecraft:oak_log":15,"atmospheric:aloe_leaves":24,"pamhc2trees:walnutitem":4,"minecraft:dirt":3,"quark:forgotten_hat":1,"minecraft:zombie_head":1,"minecraft:bone":7,"minecraft:wheat_seeds":1,"mysticalagriculture:inferium_essence":1,"minecraft:iron_ingot":101,"atmospheric:yucca_flower":7,"agricraft:agri_seed":6,"neapolitan:strawberry_scones":4,"minecraft:melon_slice":22,"minecraft:furnace":5,"mysticalagriculture:prosperity_shard":12,"minecraft:sand":2,"minecraft:music_disc_11":1,"minecraft:iron_horse_armor":1,"minecraft:gold_ore":10,"minecraft:redstone":9,"alexsmobs:animal_dictionary":2,"atmospheric:yellow_blossoms":52,"quark:cobbled_deepslate":32,"artifacts:everlasting_beef":2,"minecraft:rotten_flesh":10,"minecraft:arrow":13,"minecraft:diamond":18,"quark:smooth_basalt":1,"minecraft:chainmail_leggings":1,"pamhc2crops:brusselsproutitem":1,"minecraft:hay_block":37,"pamhc2crops:bellpepperitem":1,"iron_and_gold:raw_iron":419,"minecraft:bread":28,"alexsmobs:maggot":2,"minecraft:oak_sapling":1,"quark:monster_box":1,"minecraft:coal":55,"minecraft:cobblestone":19},"minecraft:killed":{"minecraft:cave_spider":1,"minecraft:witch":1,"minecraft:skeleton":2,"minecraft:zombie":11,"alexsmobs:centipede_head":3,"artifacts:mimic":1},"minecraft:crafted":{"artifacts:eternal_steak":1,"minecraft:oak_planks":60,"minecraft:crafting_table":1,"minecraft:iron_helmet":1,"minecraft:bucket":1,"minecraft:bread":111,"minecraft:air":0,"minecraft:jungle_planks":172,"minecraft:iron_boots":1,"minecraft:iron_chestplate":1,"minecraft:shield":1,"minecraft:iron_axe":1,"minecraft:stick":4,"minecraft:iron_ingot":110,"minecraft:iron_pickaxe":1,"minecraft:iron_leggings":1,"minecraft:wheat":333},"minecraft:used":{"minecraft:water_bucket":23,"minecraft:shield":8,"artifacts:eternal_steak":3,"pamhc2crops:wintersquashitem":1,"pamhc2crops:bellpepperitem":2,"atmospheric:yucca_flower":5,"minecraft:sand":2,"minecraft:jungle_planks":8,"atmospheric:aloe_leaves":23,"alexsmobs:maggot":2,"minecraft:iron_axe":129,"minecraft:bread":36,"minecraft:iron_pickaxe":70,"artifacts:everlasting_beef":6,"minecraft:cobblestone":2,"minecraft:bucket":24,"alexsmobs:animal_dictionary":1,"minecraft:air":1},"minecraft:dropped":{"pamhc2crops:brusselsproutitem":1,"agricraft:agri_seed":6,"minecraft:wheat_seeds":1,"pamhc2trees:walnutitem":4,"minecraft:coarse_dirt":2,"alexsmobs:animal_dictionary":1,"minecraft:cobblestone":2,"minecraft:rotten_flesh":1,"minecraft:jungle_planks":92,"atmospheric:yellow_blossoms":52,"artifacts:everlasting_beef":1,"pamhc2crops:candleberryitem":1,"pamhc2crops:barleyitem":1,"artifacts:night_vision_goggles":1,"atmospheric:yucca_flower":2,"quark:smooth_basalt":1,"minecraft:dirt":3,"atmospheric:aloe_leaves":9,"mysticalagriculture:inferium_essence":1,"quark:forgotten_hat":1,"minecraft:oak_sapling":1,"mysticalagriculture:prosperity_shard":6,"artifacts:eternal_steak":2,"quark:cobbled_deepslate":1,"atmospheric:aloe_kernels":67,"minecraft:arrow":4,"minecraft:iron_pickaxe":1,"minecraft:chainmail_leggings":1}},"DataVersion":2586}