{"stats":{"minecraft:crafted":{"minecraft:oak_planks":48,"minecraft:furnace":1,"minecraft:iron_boots":1,"minecraft:iron_axe":1,"minecraft:stone_pickaxe":2,"minecraft:crafting_table":2,"minecraft:wooden_pickaxe":2,"minecraft:iron_sword":1,"minecraft:jungle_planks":52,"minecraft:iron_chestplate":1,"minecraft:shield":1,"minecraft:stick":36,"minecraft:iron_ingot":9,"minecraft:iron_pickaxe":3,"minecraft:wooden_axe":1,"minecraft:iron_leggings":1,"minecraft:acacia_planks":4,"minecraft:torch":12},"minecraft:mined":{"mysticalagriculture:prosperity_ore":8,"minecraft:diamond_ore":2,"minecraft:jungle_leaves":20,"minecraft:brewing_stand":1,"abundance:yellow_african_daisy":1,"minecraft:grass_block":6,"minecraft:jungle_planks":1,"minecraft:jungle_log":13,"mysticalagriculture:inferium_ore":2,"environmental:giant_tall_grass":6,"minecraft:redstone_ore":3,"minecraft:iron_ore":34,"quark:smooth_basalt":3,"minecraft:vine":5,"pamhc2trees:pamapple":7,"pamhc2trees:pamcashew":1,"minecraft:stone":120,"atmospheric:arid_sandstone":1,"pamhc2trees:pampomegranate":5,"minecraft:crafting_table":4,"minecraft:blast_furnace":1,"minecraft:melon":3,"quark:stone_speleothem":2,"minecraft:chest":1,"minecraft:tall_grass":2,"minecraft:cobblestone":4,"minecraft:lapis_ore":12,"minecraft:oak_planks":1,"minecraft:diorite":3,"quark:deepslate":20,"minecraft:grass":6,"pamhc2trees:pamavocado":3,"minecraft:coal_ore":34,"minecraft:oak_log":12,"pamhc2crops:frostgarden":1,"minecraft:dirt":5,"minecraft:gravel":1,"minecraft:gold_ore":18,"minecraft:oak_leaves":46,"minecraft:fern":1,"quark:root":1},"minecraft:custom":{"minecraft:mob_kills":6,"minecraft:interact_with_crafting_table":19,"minecraft:leave_game":3,"minecraft:time_since_death":1959,"minecraft:climb_one_cm":16208,"minecraft:sprint_one_cm":220801,"minecraft:walk_one_cm":498195,"minecraft:damage_blocked_by_shield":210,"minecraft:drop":46,"minecraft:talked_to_villager":1,"minecraft:deaths":11,"minecraft:sneak_time":2207,"minecraft:walk_under_water_one_cm":30224,"minecraft:jump":2105,"minecraft:interact_with_blast_furnace":2,"minecraft:walk_on_water_one_cm":41595,"minecraft:interact_with_furnace":10,"minecraft:play_one_minute":167851,"minecraft:sleep_in_bed":2,"minecraft:time_since_rest":8329,"minecraft:waystone_activated":2,"minecraft:damage_taken":3595,"minecraft:minecart_one_cm":256,"minecraft:damage_dealt":1782,"minecraft:swim_one_cm":146,"minecraft:fly_one_cm":226390,"minecraft:open_chest":8,"minecraft:crouch_one_cm":8801,"minecraft:interact_with_smoker":1,"minecraft:fall_one_cm":50481},"minecraft:dropped":{"minecraft:iron_sword":1,"environmental:thief_hood":1,"minecraft:cobblestone":27,"artifacts:whoopee_cushion":1,"minecraft:apple":3,"minecraft:jungle_planks":27,"minecraft:stick":6,"minecraft:melon_slice":2,"quark:cobbled_deepslate":8,"minecraft:bone_block":14,"mysticalagriculture:prosperity_shard":9,"minecraft:iron_pickaxe":2,"minecraft:string":3,"artifacts:digging_claws":2,"minecraft:bone":3,"minecraft:redstone":5,"alexsmobs:maggot":2,"quark:root_item":1,"artifacts:kitty_slippers":1,"minecraft:rotten_flesh":5,"minecraft:oak_planks":6,"minecraft:music_disc_far":1,"pamhc2trees:avocadoitem":1,"quark:smooth_basalt":4,"minecraft:gunpowder":2,"artifacts:running_shoes":2,"mysticalagriculture:inferium_essence":1,"minecraft:oak_sapling":1,"farmersdelight:rope":12,"minecraft:spider_eye":2,"atmospheric:arid_sand":6,"minecraft:wooden_pickaxe":1,"waystones:waystone":1},"minecraft:killed_by":{"minecraft:skeleton":1,"artifacts:mimic":2,"minecraft:zombie":3,"alexsmobs:rattlesnake":1},"minecraft:used":{"pamhc2trees:pomegranateitem":5,"quark:cobbled_deepslate":2,"minecraft:diamond_hoe":8,"minecraft:shield":12,"minecraft:iron_sword":31,"minecraft:torch":2,"minecraft:dirt":6,"minecraft:jungle_planks":16,"minecraft:carrot":2,"atmospheric:arid_sandstone":6,"pamhc2trees:avocadoitem":1,"minecraft:wooden_axe":45,"minecraft:iron_axe":7,"minecraft:furnace":1,"minecraft:acacia_planks":4,"minecraft:stone_pickaxe":159,"minecraft:oak_planks":5,"minecraft:wooden_pickaxe":44,"minecraft:crafting_table":5,"minecraft:apple":10,"minecraft:melon_slice":7,"minecraft:iron_pickaxe":193,"minecraft:cobblestone":72,"abundance:yellow_african_daisy":1,"alexsmobs:animal_dictionary":2},"minecraft:broken":{"minecraft:wooden_pickaxe":1,"minecraft:stone_pickaxe":1,"minecraft:wooden_axe":1},"minecraft:picked_up":{"minecraft:iron_chestplate":1,"minecraft:crafting_table":5,"minecraft:wooden_pickaxe":2,"minecraft:enchanted_book":1,"minecraft:brewing_stand":2,"pamhc2trees:avocadoitem":11,"minecraft:shield":2,"environmental:thief_hood":3,"minecraft:string":6,"minecraft:iron_axe":1,"minecraft:iron_leggings":1,"mysticalagriculture:inferium_essence":29,"agricraft:agri_seed":2,"minecraft:iron_pickaxe":3,"iron_and_gold:raw_gold":26,"atmospheric:arid_sand":6,"quark:root_item":1,"minecraft:melon_slice":13,"minecraft:chest":2,"minecraft:diamond_hoe":2,"minecraft:iron_boots":1,"minecraft:stick":10,"minecraft:acacia_log":1,"minecraft:torch":13,"mysticalagriculture:prosperity_shard":31,"pamhc2crops:spinachitem":1,"minecraft:diorite":3,"minecraft:carrot":3,"minecraft:redstone":10,"atmospheric:yellow_blossoms":3,"quark:ancient_tome":1,"minecraft:rotten_flesh":5,"quark:smooth_basalt":4,"artifacts:running_shoes":3,"farmersdelight:rope":12,"minecraft:cobblestone":136,"paraglider:paraglider":1,"minecraft:feather":1,"artifacts:digging_claws":5,"minecraft:jungle_log":13,"minecraft:oak_log":13,"minecraft:gunpowder":2,"minecraft:lapis_lazuli":127,"minecraft:dirt":7,"minecraft:bone":9,"pamhc2trees:pomegranateitem":7,"minecraft:apple":23,"minecraft:music_disc_far":3,"minecraft:iron_ingot":51,"artifacts:whoopee_cushion":1,"artifacts:kitty_slippers":1,"minecraft:oak_planks":25,"minecraft:iron_sword":2,"abundance:yellow_african_daisy":1,"minecraft:gravel":1,"minecraft:jungle_planks":27,"atmospheric:arid_sandstone":12,"pamhc2trees:cashewitem":1,"minecraft:blast_furnace":2,"minecraft:spider_eye":2,"quark:cobbled_deepslate":21,"minecraft:diamond":6,"waystones:waystone":1,"minecraft:iron_helmet":1,"iron_and_gold:raw_iron":37,"alexsmobs:maggot":2,"minecraft:oak_sapling":1,"minecraft:coal":34},"minecraft:killed":{"minecraft:spider":1,"artifacts:mimic":2,"minecraft:zombie":2,"alexsmobs:fly":1}},"DataVersion":2586}