{"stats":{"minecraft:crafted":{"minecraft:crafting_table":3,"minecraft:stick":12,"minecraft:wooden_pickaxe":1,"minecraft:stone_pickaxe":2,"minecraft:wooden_axe":1,"minecraft:stone_axe":2,"minecraft:jungle_planks":24},"minecraft:mined":{"neapolitan:banana_bundle":1,"minecraft:iron_ore":13,"quark:cobbled_deepslate":1,"minecraft:crafting_table":1,"quark:deepslate":6,"environmental:bird_of_paradise":1,"minecraft:grass_block":4,"minecraft:coal_ore":16,"minecraft:melon":4,"minecraft:jungle_log":6,"minecraft:dirt":8,"minecraft:gold_ore":2,"minecraft:stone":22,"minecraft:diorite":1},"minecraft:dropped":{"mysticalagriculture:inferium_essence":1,"pamhc2trees:passionfruititem":1},"minecraft:custom":{"minecraft:time_since_rest":25893,"minecraft:sprint_one_cm":67470,"minecraft:damage_taken":946,"minecraft:walk_one_cm":110437,"minecraft:mob_kills":2,"minecraft:drop":2,"minecraft:damage_dealt":575,"minecraft:swim_one_cm":439,"minecraft:interact_with_crafting_table":7,"minecraft:fly_one_cm":70105,"minecraft:play_one_minute":59268,"minecraft:crouch_one_cm":4420,"minecraft:deaths":3,"minecraft:sneak_time":1539,"minecraft:walk_under_water_one_cm":3259,"minecraft:jump":570,"minecraft:leave_game":2,"minecraft:time_since_death":25863,"minecraft:walk_on_water_one_cm":10144,"minecraft:climb_one_cm":5861,"minecraft:fall_one_cm":15380},"minecraft:killed_by":{"minecraft:skeleton":1,"minecraft:zombie":2},"minecraft:used":{"minecraft:diorite":1,"quark:cobbled_deepslate":4,"neapolitan:banana_bunch":3,"minecraft:oak_planks":2,"minecraft:stone_pickaxe":2,"minecraft:melon_slice":7,"minecraft:iron_pickaxe":47,"minecraft:bone_block":14,"minecraft:wooden_pickaxe":12,"minecraft:stone_axe":9,"minecraft:cobblestone":3,"minecraft:crafting_table":3,"environmental:bird_of_paradise":1,"minecraft:minecart":1,"neapolitan:banana":2},"minecraft:picked_up":{"minecraft:crafting_table":1,"minecraft:jungle_log":6,"minecraft:wooden_pickaxe":1,"minecraft:jungle_planks":16,"farmersdelight:tomato_seeds":4,"minecraft:diorite":1,"minecraft:gunpowder":1,"environmental:bird_of_paradise":1,"minecraft:dirt":12,"quark:cobbled_deepslate":7,"neapolitan:banana_bunch":3,"minecraft:rotten_flesh":2,"mysticalagriculture:inferium_essence":2,"minecraft:detector_rail":2,"iron_and_gold:raw_iron":13,"farmersdelight:rope":4,"pamhc2trees:passionfruititem":1,"iron_and_gold:raw_gold":2,"minecraft:iron_pickaxe":1,"minecraft:oak_sapling":1,"minecraft:minecart":1,"minecraft:powered_rail":4,"minecraft:melon_slice":22,"minecraft:melon_seeds":6,"minecraft:chest":1,"minecraft:oak_planks":6,"farmersdelight:cabbage_seeds":10,"minecraft:coal":13,"minecraft:bone_block":28,"minecraft:cobblestone":21},"minecraft:killed":{"minecraft:zombie":2}},"DataVersion":2586}