{"stats":{"minecraft:crafted":{"minecraft:furnace":1,"minecraft:iron_boots":1,"minecraft:iron_axe":2,"minecraft:stone_pickaxe":1,"minecraft:crafting_table":1,"minecraft:wooden_pickaxe":1,"minecraft:iron_helmet":1,"minecraft:stone_axe":1,"minecraft:jungle_planks":144,"minecraft:purple_dye":8,"minecraft:shield":2,"minecraft:stick":12,"minecraft:iron_ingot":49,"minecraft:iron_pickaxe":3,"minecraft:wooden_axe":1,"minecraft:iron_leggings":1},"minecraft:mined":{"mysticalagriculture:prosperity_ore":1,"minecraft:diamond_ore":16,"minecraft:white_bed":1,"minecraft:oak_sapling":1,"minecraft:jungle_leaves":6,"atmospheric:tall_aloe_vera":2,"quark:cobbled_deepslate":1,"minecraft:acacia_log":1,"minecraft:grass_block":22,"moyai:moyai":3,"minecraft:jungle_planks":11,"minecraft:jungle_log":34,"environmental:duckweed":1,"minecraft:sandstone":1,"mysticalagriculture:inferium_ore":1,"environmental:giant_tall_grass":56,"neapolitan:banana_bundle":1,"minecraft:furnace":3,"minecraft:iron_ore":303,"minecraft:fire":1,"quark:smooth_basalt":5,"minecraft:vine":5,"mirabilis:oak_leave_carpet":1,"minecraft:stone":110,"atmospheric:arid_sand":7,"minecraft:acacia_leaves":13,"atmospheric:arid_sandstone":6,"pamhc2trees:pampomegranate":2,"pamhc2crops:windygarden":1,"minecraft:crafting_table":7,"minecraft:torch":1,"atmospheric:aloe_vera":2,"quark:stone_speleothem":1,"minecraft:tall_grass":10,"minecraft:cobblestone":1,"minecraft:lapis_ore":1,"minecraft:lily_pad":1,"upgrade_aquatic:blue_pickerelweed":1,"minecraft:coarse_dirt":1,"paraglider:horned_statue":2,"atmospheric:yucca_flower":3,"upgrade_aquatic:tall_purple_pickerelweed":5,"minecraft:tnt":1,"minecraft:yellow_bed":2,"quark:deepslate":16,"upgrade_aquatic:tall_blue_pickerelweed":1,"minecraft:grass":7,"minecraft:coal_ore":58,"quark:monster_box":2,"minecraft:beetroots":3,"minecraft:cocoa":1,"minecraft:dirt":15,"minecraft:sand":12,"atmospheric:yucca_bundle":1,"minecraft:oak_leaves":11,"minecraft:fern":1,"quark:root":4},"minecraft:custom":{"minecraft:mob_kills":36,"minecraft:interact_with_crafting_table":28,"minecraft:open_barrel":3,"minecraft:leave_game":1,"minecraft:time_since_death":37901,"minecraft:climb_one_cm":27736,"minecraft:sprint_one_cm":349195,"minecraft:walk_one_cm":458798,"minecraft:damage_blocked_by_shield":1290,"minecraft:drop":68,"minecraft:deaths":4,"minecraft:sneak_time":5714,"minecraft:walk_under_water_one_cm":22574,"minecraft:jump":3437,"minecraft:walk_on_water_one_cm":57500,"minecraft:interact_with_furnace":37,"minecraft:interact_with_cartography_table":1,"minecraft:play_one_minute":166964,"minecraft:sleep_in_bed":5,"minecraft:time_since_rest":12942,"minecraft:waystone_activated":2,"minecraft:damage_taken":4265,"minecraft:damage_absorbed":40,"minecraft:trigger_trapped_chest":2,"minecraft:damage_dealt":8869,"minecraft:fly_one_cm":710613,"minecraft:swim_one_cm":44241,"minecraft:open_chest":7,"minecraft:crouch_one_cm":14228,"minecraft:fall_one_cm":88060},"minecraft:dropped":{"minecraft:iron_ingot":5,"minecraft:bread":12,"minecraft:wheat_seeds":2,"minecraft:jungle_fence":4,"minecraft:cobblestone":14,"alexsmobs:rattlesnake_rattle":1,"atmospheric:yellow_blossoms":3,"minecraft:coal":1,"minecraft:dirt":10,"minecraft:wooden_axe":1,"minecraft:melon_slice":1,"atmospheric:arid_sandstone":5,"minecraft:sand":2,"minecraft:iron_axe":2,"minecraft:iron_pickaxe":1,"minecraft:string":2,"agricraft:agri_seed":3,"minecraft:stone_axe":1,"quark:root_item":7,"alexsmobs:animal_dictionary":1,"neapolitan:strawberry_scones":1,"minecraft:cocoa_beans":3,"minecraft:rotten_flesh":11,"minecraft:white_bed":1,"atmospheric:yucca_flower":1,"quark:smooth_basalt":4,"minecraft:gunpowder":1,"artifacts:running_shoes":1,"mysticalagriculture:inferium_essence":11,"minecraft:beetroot_seeds":8,"minecraft:yellow_bed":2,"minecraft:bow":1,"atmospheric:arid_sand":3,"minecraft:stone_pickaxe":1,"minecraft:wooden_pickaxe":1,"pamhc2trees:pomegranateitem":1},"minecraft:killed_by":{"artifacts:mimic":1},"minecraft:used":{"neapolitan:strawberries":7,"minecraft:beetroot":3,"upgrade_aquatic:blue_pickerelweed":3,"minecraft:acacia_log":1,"quark:cobbled_deepslate":25,"minecraft:shield":54,"pamhc2crops:artichokeitem":4,"minecraft:dirt":31,"minecraft:jungle_planks":127,"moyai:moyai":3,"minecraft:acacia_sapling":1,"pamhc2trees:avocadoitem":1,"paraglider:horned_statue":1,"minecraft:wooden_axe":16,"neapolitan:strawberry_scones":2,"minecraft:iron_axe":220,"carryon:entity_item":4,"atmospheric:arid_sand":3,"artifacts:everlasting_beef":12,"minecraft:furnace":3,"minecraft:potato":9,"pamhc2trees:pecanitem":3,"minecraft:stone_pickaxe":94,"minecraft:wooden_pickaxe":18,"minecraft:golden_apple":1,"farmersdelight:onion":4,"minecraft:sand":2,"minecraft:crafting_table":7,"neapolitan:banana":7,"waystones:waystone":2,"chalk:gray_chalk":64,"neapolitan:banana_bunch":4,"minecraft:bread":52,"minecraft:iron_pickaxe":411,"minecraft:stone_axe":17,"minecraft:cobblestone":78,"minecraft:coarse_dirt":1,"alexsmobs:emu_egg":2},"minecraft:picked_up":{"minecraft:coarse_dirt":1,"minecraft:cocoa_beans":3,"minecraft:crafting_table":7,"minecraft:enchanted_book":1,"pamhc2trees:avocadoitem":1,"minecraft:shield":1,"minecraft:string":2,"minecraft:iron_axe":1,"neapolitan:banana_bunch":4,"moyai:moyai":3,"minecraft:beetroot":3,"mysticalagriculture:inferium_essence":11,"atmospheric:yucca_flower":1,"agricraft:agri_seed":3,"minecraft:iron_pickaxe":1,"atmospheric:arid_sand":6,"quark:root_item":7,"minecraft:melon_slice":1,"minecraft:furnace":3,"minecraft:stick":9,"minecraft:torch":2,"minecraft:acacia_log":1,"atmospheric:yellow_blossoms":3,"artifacts:everlasting_beef":1,"minecraft:tnt":1,"minecraft:arrow":7,"minecraft:rotten_flesh":11,"artifacts:villager_hat":2,"minecraft:beetroot_seeds":8,"quark:smooth_basalt":4,"farmersdelight:onion":4,"artifacts:running_shoes":1,"alexsmobs:emu_egg":2,"pamhc2crops:artichokeitem":1,"paraglider:horned_statue":2,"minecraft:cobblestone":106,"minecraft:nautilus_shell":1,"upgrade_aquatic:purple_pickerelweed":8,"artifacts:digging_claws":3,"minecraft:jungle_log":33,"minecraft:jungle_fence":2,"minecraft:chainmail_chestplate":1,"minecraft:yellow_bed":2,"minecraft:gunpowder":1,"upgrade_aquatic:blue_pickerelweed":3,"minecraft:lapis_lazuli":8,"minecraft:dirt":41,"minecraft:bone":7,"pamhc2trees:pomegranateitem":1,"minecraft:bow":1,"minecraft:wheat_seeds":30,"artifacts:whoopee_cushion":2,"minecraft:iron_ingot":2,"artifacts:kitty_slippers":3,"neapolitan:strawberry_scones":4,"pamhc2trees:pecanitem":3,"minecraft:acacia_sapling":3,"minecraft:jungle_planks":11,"atmospheric:arid_sandstone":5,"minecraft:sand":7,"minecraft:white_bed":1,"minecraft:spider_eye":2,"quark:cobbled_deepslate":25,"minecraft:stripped_jungle_log":3,"minecraft:diamond":14,"waystones:waystone":2,"alexsmobs:rattlesnake_rattle":1,"iron_and_gold:raw_iron":360,"minecraft:golden_apple":2,"minecraft:bread":64,"minecraft:emerald":5,"minecraft:coal":121},"minecraft:killed":{"minecraft:spider":4,"alexsmobs:rattlesnake":1,"minecraft:skeleton":7,"minecraft:drowned":3,"artifacts:mimic":2,"minecraft:husk":2,"minecraft:creeper":5,"minecraft:zombie":11}},"DataVersion":2586}