{"stats":{"minecraft:crafted":{"minecraft:oak_planks":156,"minecraft:furnace":1,"minecraft:iron_boots":1,"minecraft:iron_axe":1,"minecraft:stone_pickaxe":2,"minecraft:crafting_table":5,"minecraft:wooden_pickaxe":1,"minecraft:iron_helmet":1,"minecraft:iron_sword":1,"minecraft:bucket":3,"minecraft:acacia_stairs":76,"minecraft:stone_axe":2,"minecraft:iron_chestplate":1,"minecraft:shield":1,"minecraft:stick":108,"quark:oak_chest":3,"minecraft:oak_stairs":20,"minecraft:iron_ingot":136,"minecraft:iron_pickaxe":3,"minecraft:iron_shovel":1,"minecraft:iron_leggings":1,"minecraft:acacia_planks":116,"minecraft:torch":304},"minecraft:mined":{"mysticalagriculture:prosperity_ore":1,"minecraft:diamond_ore":14,"minecraft:jungle_leaves":1,"quark:marble_speleothem":1,"minecraft:acacia_log":41,"minecraft:grass_block":120,"minecraft:jungle_planks":5,"minecraft:polished_andesite_slab":2,"environmental:giant_tall_grass":2,"minecraft:redstone_ore":3,"minecraft:carrots":7,"minecraft:iron_ore":138,"minecraft:acacia_stairs":60,"neapolitan:banana_frond":1,"minecraft:oak_stairs":17,"minecraft:lantern":3,"atmospheric:arid_sprouts":1,"minecraft:stone":266,"minecraft:acacia_leaves":24,"atmospheric:arid_sandstone":2,"minecraft:torch":8,"quark:stone_speleothem":4,"minecraft:cobblestone":8,"minecraft:wall_torch":4,"minecraft:wheat":8,"atmospheric:yucca_flower":1,"minecraft:yellow_bed":2,"quark:deepslate":22,"minecraft:coal_ore":188,"minecraft:grass":14,"minecraft:oak_log":40,"minecraft:dirt":132,"neapolitan:large_banana_frond":1,"minecraft:polished_andesite":9,"minecraft:oak_leaves":12},"minecraft:custom":{"minecraft:mob_kills":21,"minecraft:interact_with_crafting_table":18,"minecraft:open_barrel":5,"minecraft:bell_ring":4,"minecraft:leave_game":1,"minecraft:time_since_death":81562,"minecraft:climb_one_cm":24173,"minecraft:sprint_one_cm":197916,"minecraft:walk_one_cm":1141950,"minecraft:damage_blocked_by_shield":95,"minecraft:drop":84,"minecraft:deaths":1,"minecraft:sneak_time":5237,"minecraft:walk_under_water_one_cm":20363,"minecraft:jump":2865,"minecraft:walk_on_water_one_cm":27001,"minecraft:interact_with_furnace":21,"minecraft:play_one_minute":204135,"minecraft:sleep_in_bed":3,"minecraft:time_since_rest":12942,"minecraft:waystone_activated":1,"minecraft:damage_taken":2630,"minecraft:damage_absorbed":44,"minecraft:damage_dealt":5440,"minecraft:fly_one_cm":202018,"minecraft:swim_one_cm":10533,"minecraft:open_chest":25,"minecraft:crouch_one_cm":17424,"minecraft:interact_with_smoker":1,"minecraft:fall_one_cm":55293},"minecraft:dropped":{"minecraft:enchanted_book":1,"minecraft:iron_ingot":38,"alexsmobs:kangaroo_meat":1,"minecraft:feather":1,"artifacts:whoopee_cushion":1,"alexsmobs:rattlesnake_rattle":1,"minecraft:emerald":5,"minecraft:dirt":3,"alexsmobs:roadrunner_feather":1,"quark:cobbled_deepslate":9,"farmersdelight:onion":4,"minecraft:iron_pickaxe":1,"paraglider:paraglider":1,"artifacts:digging_claws":1,"minecraft:bone":1,"minecraft:redstone":7,"agricraft:agri_seed":1,"artifacts:kitty_slippers":1,"neapolitan:strawberry_scones":4,"minecraft:rotten_flesh":6,"artifacts:villager_hat":1,"minecraft:music_disc_far":1,"minecraft:carrot":3,"alexsmobs:kangaroo_hide":1,"quark:smooth_basalt":3,"minecraft:gunpowder":2,"mysticalagriculture:inferium_essence":2,"minecraft:spider_eye":1,"minecraft:arrow":2,"minecraft:bow":1,"atmospheric:arid_sand":3},"minecraft:used":{"neapolitan:strawberries":3,"minecraft:iron_shovel":238,"quark:cobbled_deepslate":15,"minecraft:shield":3,"minecraft:iron_sword":66,"minecraft:torch":240,"minecraft:dirt":253,"minecraft:jungle_planks":2,"minecraft:carrot":22,"atmospheric:arid_sandstone":2,"neapolitan:strawberry_scones":4,"minecraft:iron_axe":184,"minecraft:oak_stairs":23,"carryon:entity_item":1,"neapolitan:large_banana_frond":1,"minecraft:furnace":1,"minecraft:oak_sapling":1,"minecraft:potato":3,"minecraft:water_bucket":1,"minecraft:polished_andesite":8,"minecraft:stone_pickaxe":130,"minecraft:oak_planks":20,"minecraft:ender_pearl":3,"minecraft:wooden_pickaxe":54,"atmospheric:yucca_flower":1,"minecraft:golden_apple":5,"farmersdelight:onion":4,"minecraft:crafting_table":5,"pamhc2trees:gooseberryitem":1,"minecraft:oak_log":1,"minecraft:acacia_stairs":92,"minecraft:apple":5,"minecraft:bread":22,"minecraft:iron_pickaxe":500,"quark:root_item":1,"neapolitan:banana_frond":1,"minecraft:polished_andesite_slab":2,"minecraft:stone_axe":30,"minecraft:cobblestone":197,"minecraft:bucket":1,"minecraft:yellow_bed":4,"quark:oak_chest":3},"minecraft:broken":{"minecraft:wooden_pickaxe":1,"minecraft:stone_pickaxe":1,"minecraft:stone_axe":1,"minecraft:iron_pickaxe":2},"minecraft:picked_up":{"minecraft:wheat":7,"minecraft:ladder":5,"minecraft:oak_stairs":17,"alexsmobs:roadrunner_feather":1,"neapolitan:banana_frond":1,"mysticalagriculture:inferium_essence":3,"atmospheric:yucca_flower":1,"agricraft:agri_seed":5,"minecraft:iron_pickaxe":1,"atmospheric:arid_sand":3,"quark:root_item":1,"minecraft:stick":3,"minecraft:acacia_log":39,"minecraft:torch":11,"mysticalagriculture:prosperity_shard":1,"minecraft:carrot":29,"minecraft:redstone":7,"minecraft:arrow":8,"minecraft:rotten_flesh":12,"quark:smooth_basalt":3,"pamhc2trees:gooseberryitem":1,"neapolitan:large_banana_frond":1,"alexsmobs:kangaroo_meat":1,"minecraft:cobblestone":305,"atmospheric:red_arid_sandstone":1,"minecraft:feather":1,"artifacts:digging_claws":1,"minecraft:oak_log":40,"minecraft:yellow_bed":4,"minecraft:gunpowder":2,"minecraft:dirt":257,"minecraft:lantern":4,"minecraft:name_tag":1,"minecraft:bone":5,"minecraft:bow":1,"minecraft:wheat_seeds":20,"minecraft:music_disc_far":1,"artifacts:whoopee_cushion":1,"artifacts:kitty_slippers":1,"neapolitan:strawberry_scones":1,"minecraft:polished_andesite_slab":2,"minecraft:acacia_sapling":6,"minecraft:oak_planks":64,"minecraft:jungle_planks":5,"atmospheric:arid_sandstone":2,"minecraft:white_bed":1,"minecraft:acacia_stairs":60,"minecraft:spider_eye":1,"quark:cobbled_deepslate":24,"minecraft:polished_andesite":8,"alexsmobs:kangaroo_hide":1,"minecraft:diamond":16,"minecraft:iron_helmet":1,"alexsmobs:rattlesnake_rattle":1,"iron_and_gold:raw_iron":141,"minecraft:bread":12,"minecraft:oak_sapling":1,"minecraft:coal":188},"minecraft:killed":{"minecraft:skeleton":8,"alexsmobs:kangaroo":1,"artifacts:mimic":1,"minecraft:zombie":5,"alexsmobs:roadrunner":1}},"DataVersion":2586}